<?xml version="1.0" encoding="UTF-8"?>
<project-private xmlns="http://www.netbeans.org/ns/project-private/1">
    <editor-bookmarks xmlns="http://www.netbeans.org/ns/editor-bookmarks/2" lastBookmarkId="1">
        <file>
            <url>src/VerRecorridos.java</url>
            <bookmark id="1">
                <name/>
                <line>142</line>
                <key/>
            </bookmark>
        </file>
    </editor-bookmarks>
    <open-files xmlns="http://www.netbeans.org/ns/projectui-open-files/2">
        <group>
            <file>file:/C:/Users/Dell%20Inspiron%2015/Documents/NetBeansProjects/Práctica_2/src/MenuInicial.java</file>
            <file>file:/C:/Users/Dell%20Inspiron%2015/Documents/NetBeansProjects/Práctica_2/src/VerRecorridos.java</file>
            <file>file:/C:/Users/Dell%20Inspiron%2015/Documents/NetBeansProjects/Práctica_2/src/Registro.java</file>
            <file>file:/C:/Users/Dell%20Inspiron%2015/Documents/NetBeansProjects/Práctica_2/src/Ordenar.java</file>
            <file>file:/C:/Users/Dell%20Inspiron%2015/Documents/NetBeansProjects/Práctica_2/src/menus.java</file>
            <file>file:/C:/Users/Dell%20Inspiron%2015/Documents/NetBeansProjects/Práctica_2/src/Recorrido.java</file>
        </group>
    </open-files>
</project-private>
